{
	"id": "98e4bd7d-10a3-f9bf-90c3-a6eed0be458b",
	"name": "assignment 1",
	"description": "",
	"order": [
		"9243709c-9060-d971-ecfe-3f1898e3a99a",
		"e7e332e9-daca-b1be-b5b3-62cd12e19482",
		"f57c228b-3b38-6f54-bb55-432c3e1ec924",
		"1637d7f2-57bf-3e15-ff91-458c4c3cfbe3",
		"1959b0df-c50d-0375-adb9-42c00500f13a"
	],
	"folders": [],
	"folders_order": [],
	"timestamp": 1642873046244,
	"owner": "19090907",
	"public": false,
	"requests": [
		{
			"id": "1637d7f2-57bf-3e15-ff91-458c4c3cfbe3",
			"headers": "Accept: application/json\nContent-Type: application/json\nx-access-token: eyJ0eXAiOiJKV1QiLCJhbGciOiJIUzI1NiJ9.eyJpZCI6NywiZXhwIjoxNjQzMDA5MzU3fQ.SzZS9K_MaQM2OwkgLH70JS2GB9AqoBqSaFMeZmfhiG0\n",
			"headerData": [
				{
					"key": "Accept",
					"value": "application/json",
					"description": "",
					"enabled": true
				},
				{
					"key": "Content-Type",
					"value": "application/json",
					"description": "",
					"enabled": true
				},
				{
					"key": "x-access-token",
					"value": "eyJ0eXAiOiJKV1QiLCJhbGciOiJIUzI1NiJ9.eyJpZCI6NywiZXhwIjoxNjQzMDA5MzU3fQ.SzZS9K_MaQM2OwkgLH70JS2GB9AqoBqSaFMeZmfhiG0",
					"description": "",
					"enabled": true
				}
			],
			"url": "http://localhost:9009/user/5",
			"queryParams": [],
			"preRequestScript": null,
			"pathVariables": {},
			"pathVariableData": [],
			"method": "PUT",
			"data": [],
			"dataMode": "raw",
			"tests": null,
			"currentHelper": "normal",
			"helperAttributes": {},
			"time": 1643007672340,
			"name": "http://localhost:9009/user/5 PROMOTE",
			"description": "",
			"collectionId": "98e4bd7d-10a3-f9bf-90c3-a6eed0be458b",
			"responses": [],
			"rawModeData": "{\n\t\"admin\":True,\n}"
		},
		{
			"id": "1959b0df-c50d-0375-adb9-42c00500f13a",
			"headers": "Content-Type: application/json\nx-access-token: eyJ0eXAiOiJKV1QiLCJhbGciOiJIUzI1NiJ9.eyJpZCI6NywiZXhwIjoxNjQzMDA5MzU3fQ.SzZS9K_MaQM2OwkgLH70JS2GB9AqoBqSaFMeZmfhiG0\n",
			"headerData": [
				{
					"key": "Content-Type",
					"value": "application/json",
					"description": "",
					"enabled": true
				},
				{
					"key": "x-access-token",
					"value": "eyJ0eXAiOiJKV1QiLCJhbGciOiJIUzI1NiJ9.eyJpZCI6NywiZXhwIjoxNjQzMDA5MzU3fQ.SzZS9K_MaQM2OwkgLH70JS2GB9AqoBqSaFMeZmfhiG0",
					"description": "",
					"enabled": true
				}
			],
			"url": "http://localhost:9009/user/4",
			"queryParams": [],
			"preRequestScript": null,
			"pathVariables": {},
			"pathVariableData": [],
			"method": "DELETE",
			"data": [],
			"dataMode": "raw",
			"version": 2,
			"tests": null,
			"currentHelper": "normal",
			"helperAttributes": {},
			"time": 1643007712106,
			"name": "http://localhost:9009/user/3 DELETE",
			"description": "",
			"collectionId": "98e4bd7d-10a3-f9bf-90c3-a6eed0be458b",
			"responses": [],
			"rawModeData": ""
		},
		{
			"id": "9243709c-9060-d971-ecfe-3f1898e3a99a",
			"headers": "Content-Type: application/json\n",
			"headerData": [
				{
					"key": "Content-Type",
					"value": "application/json",
					"description": "",
					"enabled": true
				}
			],
			"url": "http://localhost:9009/register",
			"queryParams": [],
			"preRequestScript": null,
			"pathVariables": {},
			"pathVariableData": [],
			"method": "POST",
			"data": [],
			"dataMode": "raw",
			"tests": null,
			"currentHelper": "normal",
			"helperAttributes": {},
			"time": 1643007599243,
			"name": "http://localhost:9009/register",
			"description": "",
			"collectionId": "98e4bd7d-10a3-f9bf-90c3-a6eed0be458b",
			"responses": [],
			"rawModeData": "{\"name\":\"amy\",\"password\":\"amy\"}"
		},
		{
			"id": "e7e332e9-daca-b1be-b5b3-62cd12e19482",
			"headers": "Content-Type: application/json\nAuthorization: Basic YW15OmFteQ==\n",
			"headerData": [
				{
					"key": "Content-Type",
					"value": "application/json",
					"description": "",
					"enabled": true
				},
				{
					"key": "Authorization",
					"value": "Basic YW15OmFteQ==",
					"description": "",
					"enabled": true
				}
			],
			"url": "http://localhost:9009/login",
			"queryParams": [],
			"preRequestScript": null,
			"pathVariables": {},
			"pathVariableData": [],
			"method": "GET",
			"data": null,
			"dataMode": "params",
			"version": 2,
			"tests": null,
			"currentHelper": "normal",
			"helperAttributes": {},
			"time": 1643007563197,
			"name": "http://localhost:9009/login (token) copy",
			"description": "",
			"collectionId": "98e4bd7d-10a3-f9bf-90c3-a6eed0be458b",
			"responses": [
				{
					"status": "",
					"responseCode": {
						"code": 200,
						"name": "OK",
						"detail": "Standard response for successful HTTP requests. The actual response will depend on the request method used. In a GET request, the response will contain an entity corresponding to the requested resource. In a POST request the response will contain an entity describing or containing the result of the action."
					},
					"time": 325,
					"headers": [
						{
							"name": "content-length",
							"key": "content-length",
							"value": "128",
							"description": "The length of the response body in octets (8-bit bytes)"
						},
						{
							"name": "content-type",
							"key": "content-type",
							"value": "application/json",
							"description": "The mime type of this content"
						},
						{
							"name": "date",
							"key": "date",
							"value": "Sun, 23 Jan 2022 17:07:14 GMT",
							"description": "The date and time that the message was sent"
						},
						{
							"name": "server",
							"key": "server",
							"value": "Werkzeug/1.0.1 Python/3.8.8",
							"description": "A name for the server"
						}
					],
					"cookies": [],
					"mime": "",
					"text": "{\"token\":\"eyJ0eXAiOiJKV1QiLCJhbGciOiJIUzI1NiJ9.eyJpZCI6NywiZXhwIjoxNjQyOTU5NDM0fQ.kBzgFKdyUb68LnabnguV5Kvaxq7AHvav_gxOSH4GShA\"}\n",
					"language": "json",
					"rawDataType": "text",
					"previewType": "text",
					"searchResultScrolledTo": -1,
					"forceNoPretty": false,
					"write": true,
					"empty": false,
					"failed": false,
					"name": "http://localhost:9009/login",
					"id": "c84c911e-7d26-2094-7653-f08013350c93",
					"request": "e7e332e9-daca-b1be-b5b3-62cd12e19482",
					"requestObject": {
						"url": "http://localhost:9009/login",
						"pathVariables": {},
						"pathVariableData": [],
						"queryParams": [],
						"headerData": [
							{
								"key": "Content-Type",
								"value": "application/json",
								"description": "",
								"enabled": true,
								"warning": ""
							},
							{
								"key": "Authorization",
								"type": "text",
								"name": "Authorization",
								"value": "Basic YW15OmFteQ==",
								"description": "",
								"enabled": true
							}
						],
						"headers": "Content-Type: application/json\nAuthorization: Basic YW15OmFteQ==\n",
						"data": null,
						"method": "GET",
						"dataMode": "params"
					}
				}
			]
		},
		{
			"id": "f57c228b-3b38-6f54-bb55-432c3e1ec924",
			"headers": "Accept: application/json\nContent-Type: application/json\nx-access-token: eyJ0eXAiOiJKV1QiLCJhbGciOiJIUzI1NiJ9.eyJpZCI6NywiZXhwIjoxNjQzMDA5MzU3fQ.SzZS9K_MaQM2OwkgLH70JS2GB9AqoBqSaFMeZmfhiG0\n",
			"headerData": [
				{
					"key": "Accept",
					"value": "application/json",
					"description": "",
					"enabled": true
				},
				{
					"key": "Content-Type",
					"value": "application/json",
					"description": "",
					"enabled": true
				},
				{
					"key": "x-access-token",
					"value": "eyJ0eXAiOiJKV1QiLCJhbGciOiJIUzI1NiJ9.eyJpZCI6NywiZXhwIjoxNjQzMDA5MzU3fQ.SzZS9K_MaQM2OwkgLH70JS2GB9AqoBqSaFMeZmfhiG0",
					"description": "",
					"enabled": true
				}
			],
			"url": "http://localhost:9009/user",
			"queryParams": [],
			"preRequestScript": null,
			"pathVariables": {},
			"pathVariableData": [],
			"method": "GET",
			"data": null,
			"dataMode": "params",
			"version": 2,
			"tests": null,
			"currentHelper": "normal",
			"helperAttributes": {},
			"time": 1643007589257,
			"name": "http://localhost:9009/user",
			"description": "",
			"collectionId": "98e4bd7d-10a3-f9bf-90c3-a6eed0be458b",
			"responses": []
		}
	]
}